{"Construction_time_color": 1.1707725807055838, "Construction_time_phash": 0.0017906401455162013}